{
  "year": 1996,
  "coefficients": {
    "conv_rangeland": 98.12710408867628,
    "cropland": -1650.8741865096063,
    "grazing": -158.4700324992093,
    "ir_norice": -732.7544874128416,
    "ir_rice": -515.2115574837756,
    "pasture": -383.63421393313706,
    "rangeland": 127.03707734509481,
    "rf_norice": 100.21491492806626,
    "rf_rice": -503.2106487998374,
    "shifting": -174.4167834079064,
    "tot_irri": -1247.9651204591191,
    "tot_rainfed": -402.99612076198264,
    "tot_rice": -1018.4224349275457,
    "popc_": 23.92525703459978,
    "popd_": 2515.727877772868,
    "rurc_": -6.01514108479023,
    "uopp_": 2688.422680238045,
    "urbc_": 29.688168104737997
  }
}