{
  "year": 2008,
  "coefficients": {
    "conv_rangeland": 114.65508617821348,
    "cropland": -2493.141630011238,
    "grazing": -64.30136768083935,
    "ir_norice": -1013.5056466311921,
    "ir_rice": -972.1826012616502,
    "pasture": -273.0682759974061,
    "rangeland": 94.11182213134714,
    "rf_norice": 67.12122290887919,
    "rf_rice": -574.6284776419798,
    "shifting": -262.9568584904571,
    "tot_irri": -1985.6901830592378,
    "tot_rainfed": -507.50611882161866,
    "tot_rice": -1546.812743420474,
    "popc_": 30.927987180650234,
    "popd_": 3380.3469751669945,
    "rurc_": -4.559969499707222,
    "uopp_": 4370.70462091619,
    "urbc_": 35.294935807585716
  }
}