{
  "year": 2003,
  "coefficients": {
    "conv_rangeland": 113.94337816486686,
    "cropland": -2018.1737088979608,
    "grazing": -154.7996537510246,
    "ir_norice": -982.8562396861075,
    "ir_rice": -683.8563170846783,
    "pasture": -390.53357114853316,
    "rangeland": 121.79053924607763,
    "rf_norice": 200.49994541367573,
    "rf_rice": -552.15371941908,
    "shifting": -225.08765234164298,
    "tot_irri": -1666.7165565407422,
    "tot_rainfed": -351.6565058146448,
    "tot_rice": -1236.0100200921966,
    "popc_": 25.603702526539564,
    "popd_": 2831.077243769778,
    "rurc_": -4.4282129146158695,
    "uopp_": 3779.147768893804,
    "urbc_": 30.656718343496323
  }
}