{
  "year": 1998,
  "coefficients": {
    "conv_rangeland": 103.55813493809478,
    "cropland": -1647.8850411462709,
    "grazing": -121.83079777854243,
    "ir_norice": -735.2168003166071,
    "ir_rice": -560.6114849996982,
    "pasture": -336.8188197897193,
    "rangeland": 111.42988706998892,
    "rf_norice": 161.4092919964537,
    "rf_rice": -513.5853552841273,
    "shifting": -183.66451758539898,
    "tot_irri": -1295.8212717268461,
    "tot_rainfed": -352.1738795877277,
    "tot_rice": -1074.1966482031553,
    "popc_": 23.819229438900948,
    "popd_": 2519.893956622127,
    "rurc_": -6.099581554532051,
    "uopp_": 3063.5534618351176,
    "urbc_": 30.069345861673355
  }
}