{
  "year": 2006,
  "coefficients": {
    "conv_rangeland": 122.33254671151599,
    "cropland": -2299.673982501852,
    "grazing": -108.47117750439497,
    "ir_norice": -1040.020046456592,
    "ir_rice": -835.8035876953309,
    "pasture": -343.7144494047102,
    "rangeland": 112.9107251807302,
    "rf_norice": 157.27710409559722,
    "rf_rice": -580.7417641838545,
    "shifting": -253.46982143960412,
    "tot_irri": -1875.8364472475205,
    "tot_rainfed": -423.4672785877069,
    "tot_rice": -1416.5452717300614,
    "popc_": 29.333078622817993,
    "popd_": 3157.6612019652857,
    "rurc_": -5.231666475534439,
    "uopp_": 4257.565254986826,
    "urbc_": 34.06528853625059
  }
}