{
  "year": 2010,
  "coefficients": {
    "conv_rangeland": 110.43524135833258,
    "cropland": -2738.1796172222403,
    "grazing": -19.03842814838208,
    "ir_norice": -1111.3440051475927,
    "ir_rice": -956.9418334449438,
    "pasture": -216.2023646274638,
    "rangeland": 86.72869511567774,
    "rf_norice": -63.524842936304594,
    "rf_rice": -606.3739288924912,
    "shifting": -283.46132235104795,
    "tot_irri": -2068.2838435028007,
    "tot_rainfed": -669.9024974263257,
    "tot_rice": -1563.3137070373177,
    "popc_": 37.04636400192976,
    "popd_": 3059.627640177645,
    "rurc_": -0.9301087856292725,
    "uopp_": 4237.520432832968,
    "urbc_": 37.553128719329834
  }
}