{
  "year": 2013,
  "coefficients": {
    "conv_rangeland": 97.48172055812086,
    "cropland": -3092.3586987339386,
    "grazing": 31.805772161233108,
    "ir_norice": -1190.2287044924606,
    "ir_rice": -1038.6545013425389,
    "pasture": -130.47618918618718,
    "rangeland": 64.80024078564941,
    "rf_norice": -154.0346887553883,
    "rf_rice": -709.4941112438755,
    "shifting": -324.91956932604575,
    "tot_irri": -2228.849678169994,
    "tot_rainfed": -863.496005208237,
    "tot_rice": -1748.1483200015045,
    "popc_": 57.430934488773346,
    "popd_": 1393.2174286478567,
    "rurc_": 8.223324559628963,
    "uopp_": 4534.492877102824,
    "urbc_": 48.93801932036877
  }
}