{
  "year": 1995,
  "coefficients": {
    "conv_rangeland": 91.63770095511993,
    "cropland": -1610.447908581893,
    "grazing": -143.2065914494923,
    "ir_norice": -693.4435040889573,
    "ir_rice": -492.5752030712415,
    "pasture": -355.3629991849059,
    "rangeland": 120.51870678615501,
    "rf_norice": 60.34766178873042,
    "rf_rice": -484.8002646152811,
    "shifting": -166.42459955587685,
    "tot_irri": -1186.018943212824,
    "tot_rainfed": -424.4518778869192,
    "tot_rice": -977.3723788920497,
    "popc_": 22.766144447028637,
    "popd_": 2536.801646709482,
    "rurc_": -6.353432260453701,
    "uopp_": 2550.905020073894,
    "urbc_": 29.263331435620785
  }
}