{
  "year": 2005,
  "coefficients": {
    "conv_rangeland": 122.02590280631154,
    "cropland": -2224.914135237459,
    "grazing": -126.6398649906962,
    "ir_norice": -1033.3447725820256,
    "ir_rice": -790.0585968144699,
    "pasture": -368.205404600626,
    "rangeland": 119.53963679768265,
    "rf_norice": 176.31003677575654,
    "rf_rice": -578.1403151467051,
    "shifting": -240.50677459849567,
    "tot_irri": -1823.3934649208195,
    "tot_rainfed": -401.83074773007456,
    "tot_rice": -1368.2033982434264,
    "popc_": 27.75519409775734,
    "popd_": 3038.568971406454,
    "rurc_": -4.691165301948786,
    "uopp_": 4110.630446741077,
    "urbc_": 33.018050108104944
  }
}