{
  "year": 2007,
  "coefficients": {
    "conv_rangeland": 117.62813690887504,
    "cropland": -2382.58450541154,
    "grazing": -81.87926277525094,
    "ir_norice": -1030.8183348720722,
    "ir_rice": -884.2121551234595,
    "pasture": -296.19461556705573,
    "rangeland": 96.68721588245296,
    "rf_norice": 99.95115828567123,
    "rf_rice": -567.4480241350815,
    "shifting": -257.3528581537012,
    "tot_irri": -1915.029535761967,
    "tot_rainfed": -467.4841838137072,
    "tot_rice": -1451.660095337546,
    "popc_": 29.62445729970932,
    "popd_": 3386.6102397192044,
    "rurc_": -5.655025035142899,
    "uopp_": 4351.136750437034,
    "urbc_": 34.75330622494221
  }
}