{
  "year": 2012,
  "coefficients": {
    "conv_rangeland": 103.06138294136719,
    "cropland": -2957.322288744632,
    "grazing": 33.558058540946604,
    "ir_norice": -1177.8860923369893,
    "ir_rice": -984.5258585618221,
    "pasture": -137.1241197254185,
    "rangeland": 67.62079536363501,
    "rf_norice": -137.0418050123326,
    "rf_rice": -657.729667326781,
    "shifting": -305.0130552324487,
    "tot_irri": -2162.4197543386954,
    "tot_rainfed": -794.7923815466538,
    "tot_rice": -1642.2517866695425,
    "popc_": 40.07184945046902,
    "popd_": 3128.5509994630665,
    "rurc_": 0.20858663320541382,
    "uopp_": 4460.114897826654,
    "urbc_": 39.15345820784569
  }
}