{
  "year": 2004,
  "coefficients": {
    "conv_rangeland": 114.3989849119078,
    "cropland": -2132.702479181773,
    "grazing": -145.76839703847804,
    "ir_norice": -1035.941317588301,
    "ir_rice": -732.194618518382,
    "pasture": -384.11785175771,
    "rangeland": 123.95046981992755,
    "rf_norice": 190.0635454746705,
    "rf_rice": -554.9893282915191,
    "shifting": -230.5697274187828,
    "tot_irri": -1768.1426626833654,
    "tot_rainfed": -364.92971983620737,
    "tot_rice": -1287.1797798382017,
    "popc_": 27.021042194217443,
    "popd_": 2939.744985924506,
    "rurc_": -4.664887957274914,
    "uopp_": 3962.3503038065737,
    "urbc_": 31.54632657021284
  }
}