{
  "year": 1990,
  "coefficients": {
    "conv_rangeland": 76.16720107023019,
    "cropland": -1310.941413643498,
    "grazing": -68.23736299547954,
    "ir_norice": -491.81834162622886,
    "ir_rice": -489.24694384229895,
    "pasture": -241.75362026630683,
    "rangeland": 97.34905620125068,
    "rf_norice": 92.76436519308777,
    "rf_rice": -422.82111739028323,
    "shifting": -141.22764198667332,
    "tot_irri": -981.0660385090855,
    "tot_rainfed": -330.05938741608816,
    "tot_rice": -912.0680518530376,
    "popc_": 17.263020869344473,
    "popd_": 2975.2415421122114,
    "rurc_": -11.027464285492897,
    "uopp_": 2118.5659666930437,
    "urbc_": 27.760077567771077
  }
}