{
  "year": 2011,
  "coefficients": {
    "conv_rangeland": 105.20561232515826,
    "cropland": -2857.03460429824,
    "grazing": 44.2543167622041,
    "ir_norice": -1121.474601518029,
    "ir_rice": -993.2199794248677,
    "pasture": -121.86391993020561,
    "rangeland": 60.91262435070314,
    "rf_norice": -108.78192308073858,
    "rf_rice": -633.5827928458943,
    "shifting": -297.77055583167976,
    "tot_irri": -2114.7033686190907,
    "tot_rainfed": -742.3725845402414,
    "tot_rice": -1626.802651286297,
    "popc_": 38.53869608044624,
    "popd_": 3119.550099286018,
    "rurc_": -0.7233607172966003,
    "uopp_": 4330.849964905115,
    "urbc_": 38.5334337875247
  }
}