{
  "year": 2000,
  "coefficients": {
    "conv_rangeland": 109.75803279536365,
    "cropland": -1805.8947209337848,
    "grazing": -150.89167592692297,
    "ir_norice": -818.277838939488,
    "ir_rice": -618.2029870200972,
    "pasture": -383.86380049162926,
    "rangeland": 123.21409177992018,
    "rf_norice": 192.97695052684958,
    "rf_rice": -562.387697942236,
    "shifting": -200.63462088192958,
    "tot_irri": -1436.5474206170056,
    "tot_rainfed": -369.4176198650125,
    "tot_rice": -1180.5909011949384,
    "popc_": 25.11444639414549,
    "popd_": 2636.621170588576,
    "rurc_": -5.728787571191788,
    "uopp_": 3465.9375412204045,
    "urbc_": 30.334037233144045
  }
}