{
  "year": 2015,
  "coefficients": {
    "conv_rangeland": 92.26926181578636,
    "cropland": -3249.583554296725,
    "grazing": 4.6134593260776455,
    "ir_norice": -1195.399535965079,
    "ir_rice": -1062.757970493788,
    "pasture": -155.78037634493148,
    "rangeland": 68.1245738789031,
    "rf_norice": -239.2716593272944,
    "rf_rice": -752.2037522313187,
    "shifting": -358.3949796294037,
    "tot_irri": -2258.157138959954,
    "tot_rainfed": -991.4759068694784,
    "tot_rice": -1814.9343315946562,
    "popc_": 61.100616313517094,
    "popd_": 1321.6250737650607,
    "rurc_": 11.002642929553986,
    "uopp_": 4707.982570592829,
    "urbc_": 51.00177764892578
  }
}