{
  "year": 1997,
  "coefficients": {
    "conv_rangeland": 101.50007618885834,
    "cropland": -1732.055558256643,
    "grazing": -160.47180210585577,
    "ir_norice": -771.0404639138469,
    "ir_rice": -547.2815261322921,
    "pasture": -390.3586253855508,
    "rangeland": 128.38674708575047,
    "rf_norice": 104.85146735479407,
    "rf_rice": -518.6154591923494,
    "shifting": -180.53411316269026,
    "tot_irri": -1318.3132240063665,
    "tot_rainfed": -413.76624685980323,
    "tot_rice": -1065.8969853246072,
    "popc_": 24.6342058070004,
    "popd_": 2519.773062195047,
    "rurc_": -5.580551736056805,
    "uopp_": 2856.3405445485046,
    "urbc_": 30.622736755758524
  }
}