{
  "year": 1992,
  "coefficients": {
    "conv_rangeland": 85.2204831269049,
    "cropland": -1412.426903584771,
    "grazing": -104.2233762246583,
    "ir_norice": -561.7420227844884,
    "ir_rice": -471.30500586476137,
    "pasture": -302.5435659875161,
    "rangeland": 113.09970663371081,
    "rf_norice": 51.20356793384326,
    "rf_rice": -430.6068520737614,
    "shifting": -150.05125119763005,
    "tot_irri": -1033.0438982214305,
    "tot_rainfed": -379.4031910850499,
    "tot_rice": -901.9118509692321,
    "popc_": 18.834741309285164,
    "popd_": 2788.360287531039,
    "rurc_": -9.22733599692583,
    "uopp_": 2242.270423134617,
    "urbc_": 28.461486481130123
  }
}