{
  "year": 2002,
  "coefficients": {
    "conv_rangeland": 111.88629886722583,
    "cropland": -1950.1830615185208,
    "grazing": -159.24902288626413,
    "ir_norice": -936.6032411210917,
    "ir_rice": -652.0802622271867,
    "pasture": -395.2535979340048,
    "rangeland": 124.11827617382448,
    "rf_norice": 182.0995415130551,
    "rf_rice": -543.523959504433,
    "shifting": -214.90240060370013,
    "tot_irri": -1588.6907759920005,
    "tot_rainfed": -361.41271093759724,
    "tot_rice": -1195.6035517641271,
    "popc_": 25.547279708087444,
    "popd_": 2743.5774272952403,
    "rurc_": -4.894682884216309,
    "uopp_": 3639.653995519092,
    "urbc_": 30.10321794450283
  }
}