{
  "year": 1993,
  "coefficients": {
    "conv_rangeland": 87.51652969904171,
    "cropland": -1492.1756459856651,
    "grazing": -117.5657830930113,
    "ir_norice": -609.4789674843835,
    "ir_rice": -473.8596578018978,
    "pasture": -321.48603421221765,
    "rangeland": 116.40372141792511,
    "rf_norice": 37.21933906055756,
    "rf_rice": -445.9122760054828,
    "shifting": -154.85050126967255,
    "tot_irri": -1083.3321067107968,
    "tot_rainfed": -408.69197084618054,
    "tot_rice": -919.7717036191543,
    "popc_": 20.186337985098362,
    "popd_": 2672.398736868552,
    "rurc_": -8.20324832946062,
    "uopp_": 2317.2117298382705,
    "urbc_": 28.937863249331713
  }
}