{
  "year": 2001,
  "coefficients": {
    "conv_rangeland": 109.79765689209401,
    "cropland": -1867.3984086288792,
    "grazing": -157.65001936324688,
    "ir_norice": -877.2871381408263,
    "ir_rice": -640.3678632767617,
    "pasture": -391.4771991632483,
    "rangeland": 124.02952291409599,
    "rf_norice": 203.29109022783564,
    "rf_rice": -553.1455154378572,
    "shifting": -207.41564664900204,
    "tot_irri": -1517.6423280274485,
    "tot_rainfed": -349.8531741736051,
    "tot_rice": -1193.5138281723498,
    "popc_": 24.60047111287713,
    "popd_": 2704.6570471639934,
    "rurc_": -4.881677061319351,
    "uopp_": 3545.173024651609,
    "urbc_": 30.507022228091955
  }
}