{
  "year": 1994,
  "coefficients": {
    "conv_rangeland": 88.91497769517221,
    "cropland": -1546.2026085591515,
    "grazing": -125.37208030557281,
    "ir_norice": -654.6705699174415,
    "ir_rice": -477.66409061550553,
    "pasture": -331.3244596778493,
    "rangeland": 117.03740168194622,
    "rf_norice": 50.08774896715113,
    "rf_rice": -463.9968514871306,
    "shifting": -161.37509963850442,
    "tot_irri": -1132.3308712669855,
    "tot_rainfed": -413.9090493886233,
    "tot_rice": -941.6621400555694,
    "popc_": 22.07328524440527,
    "popd_": 2561.35304526081,
    "rurc_": -7.444229174405336,
    "uopp_": 2436.140584046864,
    "urbc_": 29.010889783501625
  }
}