{
  "year": 2014,
  "coefficients": {
    "conv_rangeland": 94.14491068278119,
    "cropland": -3165.9747485217285,
    "grazing": 14.805334446833513,
    "ir_norice": -1198.798732212871,
    "ir_rice": -1056.3835843633415,
    "pasture": -144.6111359502047,
    "rangeland": 65.27155971931882,
    "rf_norice": -174.9758224781117,
    "rf_rice": -735.8155333529946,
    "shifting": -339.6425304389974,
    "tot_irri": -2255.156856956977,
    "tot_rainfed": -910.7955061025414,
    "tot_rice": -1792.19846164313,
    "popc_": 59.229153245687485,
    "popd_": 1368.0743004044234,
    "rurc_": 9.334843844175339,
    "uopp_": 4626.989470993294,
    "urbc_": 50.02883204817772
  }
}