{
  "year": 2009,
  "coefficients": {
    "conv_rangeland": 109.63736779871226,
    "cropland": -2559.930526904527,
    "grazing": -48.93660071853196,
    "ir_norice": -1053.035653612972,
    "ir_rice": -924.107507284798,
    "pasture": -252.78649132967803,
    "rangeland": 94.21252280399312,
    "rf_norice": -21.134282566005822,
    "rf_rice": -561.6594631424463,
    "shifting": -266.67465221857424,
    "tot_irri": -1977.1316502591753,
    "tot_rainfed": -582.7946246751212,
    "tot_rice": -1485.7699258817725,
    "popc_": 33.6725290119648,
    "popd_": 3090.394064043714,
    "rurc_": -1.8921813815832138,
    "uopp_": 4152.228244643553,
    "urbc_": 35.49460846930742
  }
}