{
  "year": 1999,
  "coefficients": {
    "conv_rangeland": 105.8102734154991,
    "cropland": -1720.4973737576292,
    "grazing": -142.40269739173414,
    "ir_norice": -755.5034463551206,
    "ir_rice": -594.0843310221301,
    "pasture": -366.95483151499616,
    "rangeland": 118.74186070662063,
    "rf_norice": 174.652768002519,
    "rf_rice": -545.5089431812587,
    "shifting": -192.53433427304117,
    "tot_irri": -1349.5870236499381,
    "tot_rainfed": -370.8645281180302,
    "tot_rice": -1139.5935840719876,
    "popc_": 24.10168781876564,
    "popd_": 2562.002662255847,
    "rurc_": -5.430212065577507,
    "uopp_": 3254.355995970437,
    "urbc_": 30.135899018496275
  }
}