{
  "year": 1991,
  "coefficients": {
    "conv_rangeland": 81.00542001961514,
    "cropland": -1387.8176425830989,
    "grazing": -85.64376914001673,
    "ir_norice": -538.1857032373746,
    "ir_rice": -480.90861122854733,
    "pasture": -274.5038512720514,
    "rangeland": 107.85466210604505,
    "rf_norice": 45.577886791996434,
    "rf_rice": -414.38929730902225,
    "shifting": -141.73511227118243,
    "tot_irri": -1019.0944735493385,
    "tot_rainfed": -368.81035644536405,
    "tot_rice": -895.2977583567833,
    "popc_": 17.240332644432783,
    "popd_": 2946.8378939364666,
    "rurc_": -10.122285468503833,
    "uopp_": 2161.7025702263586,
    "urbc_": 27.901389678940177
  }
}