{
  "coefficients": {
    "conv_rangeland": 0.7066750563647914,
    "cropland": 0.7919981013927845,
    "grazing": 0.9053056392776884,
    "ir_norice": 1.0026362588932631,
    "ir_rice": 2.806667280563262,
    "pasture": 46.334360885596524,
    "rangeland": 0.8791541510526651,
    "rf_norice": 0.7924512977352902,
    "rf_rice": 1.3376586191254018,
    "shifting": 0,
    "tot_irri": 1.0028296171349205,
    "tot_rainfed": 0.7975250323028624,
    "tot_rice": 4.420564966345304,
    "popc_": 168.53803417001174,
    "popd_": 2.203991223758179,
    "rurc_": 14.573454471733694,
    "uopp_": 31269.237225419052,
    "urbc_": 58.210694917614546
  },
  "raw_coefficients": {
    "conv_rangeland": [
      76.16720107023019,
      81.00542001961514,
      85.2204831269049,
      87.51652969904171,
      88.91497769517221,
      91.63770095511993,
      98.12710408867628,
      101.50007618885834,
      103.55813493809478,
      105.8102734154991,
      109.75803279536365,
      109.79765689209401,
      111.88629886722583,
      113.94337816486686,
      114.3989849119078,
      122.02590280631154,
      122.33254671151599,
      117.62813690887504,
      114.65508617821348,
      109.63736779871226,
      110.43524135833258,
      105.20561232515826,
      103.06138294136719,
      97.48172055812086,
      94.14491068278119,
      92.26926181578636
    ],
    "cropland": [
      -1310.941413643498,
      -1387.8176425830989,
      -1412.426903584771,
      -1492.1756459856651,
      -1546.2026085591515,
      -1610.447908581893,
      -1650.8741865096063,
      -1732.055558256643,
      -1647.8850411462709,
      -1720.4973737576292,
      -1805.8947209337848,
      -1867.3984086288792,
      -1950.1830615185208,
      -2018.1737088979608,
      -2132.702479181773,
      -2224.914135237459,
      -2299.673982501852,
      -2382.58450541154,
      -2493.141630011238,
      -2559.930526904527,
      -2738.1796172222403,
      -2857.03460429824,
      -2957.322288744632,
      -3092.3586987339386,
      -3165.9747485217285,
      -3249.583554296725
    ],
    "grazing": [
      -68.23736299547954,
      -85.64376914001673,
      -104.2233762246583,
      -117.5657830930113,
      -125.37208030557281,
      -143.2065914494923,
      -158.4700324992093,
      -160.47180210585577,
      -121.83079777854243,
      -142.40269739173414,
      -150.89167592692297,
      -157.65001936324688,
      -159.24902288626413,
      -154.7996537510246,
      -145.76839703847804,
      -126.6398649906962,
      -108.47117750439497,
      -81.87926277525094,
      -64.30136768083935,
      -48.93660071853196,
      -19.03842814838208,
      44.2543167622041,
      33.558058540946604,
      31.805772161233108,
      14.805334446833513,
      4.6134593260776455
    ],
    "ir_norice": [
      -491.81834162622886,
      -538.1857032373746,
      -561.7420227844884,
      -609.4789674843835,
      -654.6705699174415,
      -693.4435040889573,
      -732.7544874128416,
      -771.0404639138469,
      -735.2168003166071,
      -755.5034463551206,
      -818.277838939488,
      -877.2871381408263,
      -936.6032411210917,
      -982.8562396861075,
      -1035.941317588301,
      -1033.3447725820256,
      -1040.020046456592,
      -1030.8183348720722,
      -1013.5056466311921,
      -1053.035653612972,
      -1111.3440051475927,
      -1121.474601518029,
      -1177.8860923369893,
      -1190.2287044924606,
      -1198.798732212871,
      -1195.399535965079
    ],
    "ir_rice": [
      -489.24694384229895,
      -480.90861122854733,
      -471.30500586476137,
      -473.8596578018978,
      -477.66409061550553,
      -492.5752030712415,
      -515.2115574837756,
      -547.2815261322921,
      -560.6114849996982,
      -594.0843310221301,
      -618.2029870200972,
      -640.3678632767617,
      -652.0802622271867,
      -683.8563170846783,
      -732.194618518382,
      -790.0585968144699,
      -835.8035876953309,
      -884.2121551234595,
      -972.1826012616502,
      -924.107507284798,
      -956.9418334449438,
      -993.2199794248677,
      -984.5258585618221,
      -1038.6545013425389,
      -1056.3835843633415,
      -1062.757970493788
    ],
    "pasture": [
      -241.75362026630683,
      -274.5038512720514,
      -302.5435659875161,
      -321.48603421221765,
      -331.3244596778493,
      -355.3629991849059,
      -383.63421393313706,
      -390.3586253855508,
      -336.8188197897193,
      -366.95483151499616,
      -383.86380049162926,
      -391.4771991632483,
      -395.2535979340048,
      -390.53357114853316,
      -384.11785175771,
      -368.205404600626,
      -343.7144494047102,
      -296.19461556705573,
      -273.0682759974061,
      -252.78649132967803,
      -216.2023646274638,
      -121.86391993020561,
      -137.1241197254185,
      -130.47618918618718,
      -144.6111359502047,
      -155.78037634493148
    ],
    "rangeland": [
      97.34905620125068,
      107.85466210604505,
      113.09970663371081,
      116.40372141792511,
      117.03740168194622,
      120.51870678615501,
      127.03707734509481,
      128.38674708575047,
      111.42988706998892,
      118.74186070662063,
      123.21409177992018,
      124.02952291409599,
      124.11827617382448,
      121.79053924607763,
      123.95046981992755,
      119.53963679768265,
      112.9107251807302,
      96.68721588245296,
      94.11182213134714,
      94.21252280399312,
      86.72869511567774,
      60.91262435070314,
      67.62079536363501,
      64.80024078564941,
      65.27155971931882,
      68.1245738789031
    ],
    "rf_norice": [
      92.76436519308777,
      45.577886791996434,
      51.20356793384326,
      37.21933906055756,
      50.08774896715113,
      60.34766178873042,
      100.21491492806626,
      104.85146735479407,
      161.4092919964537,
      174.652768002519,
      192.97695052684958,
      203.29109022783564,
      182.0995415130551,
      200.49994541367573,
      190.0635454746705,
      176.31003677575654,
      157.27710409559722,
      99.95115828567123,
      67.12122290887919,
      -21.134282566005822,
      -63.524842936304594,
      -108.78192308073858,
      -137.0418050123326,
      -154.0346887553883,
      -174.9758224781117,
      -239.2716593272944
    ],
    "rf_rice": [
      -422.82111739028323,
      -414.38929730902225,
      -430.6068520737614,
      -445.9122760054828,
      -463.9968514871306,
      -484.8002646152811,
      -503.2106487998374,
      -518.6154591923494,
      -513.5853552841273,
      -545.5089431812587,
      -562.387697942236,
      -553.1455154378572,
      -543.523959504433,
      -552.15371941908,
      -554.9893282915191,
      -578.1403151467051,
      -580.7417641838545,
      -567.4480241350815,
      -574.6284776419798,
      -561.6594631424463,
      -606.3739288924912,
      -633.5827928458943,
      -657.729667326781,
      -709.4941112438755,
      -735.8155333529946,
      -752.2037522313187
    ],
    "shifting": [
      -141.22764198667332,
      -141.73511227118243,
      -150.05125119763005,
      -154.85050126967255,
      -161.37509963850442,
      -166.42459955587685,
      -174.4167834079064,
      -180.53411316269026,
      -183.66451758539898,
      -192.53433427304117,
      -200.63462088192958,
      -207.41564664900204,
      -214.90240060370013,
      -225.08765234164298,
      -230.5697274187828,
      -240.50677459849567,
      -253.46982143960412,
      -257.3528581537012,
      -262.9568584904571,
      -266.67465221857424,
      -283.46132235104795,
      -297.77055583167976,
      -305.0130552324487,
      -324.91956932604575,
      -339.6425304389974,
      -358.3949796294037
    ],